person1,person2,interactions,avg_dist
Stephen,Jack,3291,134.8511090853844
Jack,Stephen,3281,127.6690033526364
Martin,Stephen,463,116.70194384449245
Pullings,Jack,442,142.8733031674208
Stephen,Martin,439,109.5125284738041
Jack,Pullings,400,116.44
Diana,Stephen,374,109.21122994652407
Jack,Killick,363,109.52892561983471
Killick,Jack,351,120.93162393162393
Stephen,Diana,336,104.75595238095238
Sophie,Jack,257,108.19455252918289
Killick,Stephen,245,104.88979591836734
Jack,Martin,240,132.39166666666668
Jack,Bonden,231,114.41991341991341
Stephen,Killick,229,88.82096069868996
Bonden,Jack,227,136.2863436123348
Jack,Sophie,226,109.71681415929204
Broke,Jack,212,143.8490566037736
Pullings,Stephen,211,130.46919431279622
Martin,Jack,208,133.38942307692307
Stephen,Pullings,207,99.33333333333333
Jack,Broke,198,153.2929292929293
Stephen,Sophie,192,97.33854166666667
Sophie,Stephen,171,94.85964912280701
Jack,Diana,161,97.06211180124224
Bonden,Stephen,152,100.03289473684211
Mowett,Jack,152,162.01315789473685
Jack,Mowett,150,143.29333333333332
Diana,Jack,148,107.75
Jack,Babbington,144,121.61805555555556
Babbington,Jack,138,138.4927536231884
Stephen,Bonden,133,98.54135338345864
Stephen,Wray,131,77.80152671755725
Wray,Stephen,122,73.55737704918033
Herapath,Stephen,119,94.01680672268908
Stephen,Herapath,116,78.97413793103448
Stephen,Broke,115,143.03478260869565
Blaine,Stephen,114,129.6315789473684
Broke,Stephen,111,164.73873873873873
Padeen,Stephen,109,95.05504587155963
Stephen,Blaine,109,121.1743119266055
Stephen,Padeen,109,84.33944954128441
Stephen,Reade,98,127.07142857142857
Fielding,Jack,94,148.89361702127658
Stephen,Mowett,93,104.63440860215054
Jack,Fielding,92,97.67391304347827
Harte,Jack,91,126.28571428571429
Reade,Jack,91,149.92307692307693
Reade,Stephen,91,146.6153846153846
Dundas,Jack,89,90.15730337078652
Wogan,Stephen,89,101.03370786516854
Jack,Dundas,87,100.02298850574712
Jack,Reade,86,109.4186046511628
Stephen,Jagiello,85,88.81176470588235
Stephen,Wogan,82,118.07317073170732
Graham,Stephen,79,108.79746835443038
Stephen,Babbington,79,119.67088607594937
Jagiello,Stephen,78,98.03846153846153
Stephen,Clarissa,76,90.92105263157895
Stephen,Graham,75,118.26666666666667
Jack,Graham,74,107.79729729729729
Jack,Harte,72,124.55555555555556
Mowett,Stephen,71,115.11267605633803
Clarissa,Stephen,70,87.62857142857143
Jagiello,Jack,69,98
Babbington,Stephen,67,153.71641791044777
Jack,Jagiello,67,97.98507462686567
Herapath,Jack,62,100.51612903225806
Killick,Bonden,62,74.64516129032258
Jack,Mrs_williams,61,109.18032786885246
Jack,Herapath,60,88.26666666666667
Diana,Sophie,59,92.69491525423729
Jack,Clarissa,59,110.37288135593221
Stephen,Johnson,58,101.06896551724138
Bonden,Killick,57,95.03508771929825
Graham,Jack,56,110.82142857142857
Mrs_williams,Stephen,55,98.2909090909091
Mrs_williams,Jack,53,99.37735849056604
George,Jack,52,133.53846153846155
Jack,George,52,121.26923076923077
Keith,Jack,50,178.9
Sophie,Diana,49,128.24489795918367
Dundas,Stephen,47,86.93617021276596
Johnson,Stephen,47,99.87234042553192
Emily,Sarah,46,56.28260869565217
Jack,Wray,45,77.46666666666667
Jack,Keith,44,104.1590909090909
Mowett,Pullings,44,93.5909090909091
Johnson,Jack,43,161.53488372093022
Martin,Pullings,43,82.86046511627907
Clarissa,Jack,42,102.16666666666667
Jack,Canning,42,91.71428571428571
Stephen,Dundas,42,98.61904761904762
Jack,Johnson,41,133.390243902439
Jack,Linois,41,134.90243902439025
Queenie,Jack,41,106.48780487804878
Jack,Queenie,40,115.8
Linois,Jack,40,143.75
Stephen,Canning,40,110.125
Stephen,Mrs_broad,40,80.2
Fielding,Stephen,38,115.05263157894737
Stephen,Mrs_williams,38,99.23684210526316
Wray,Jack,38,97.26315789473684
Mrs_fielding,Stephen,37,103.94594594594595
Stephen,Fielding,37,149.97297297297297
Jack,Padeen,36,82.44444444444444
Oakes,Jack,36,82.36111111111111
Padeen,Martin,35,71.57142857142857
Stephen,Mrs_fielding,35,136.57142857142858
Canning,Jack,34,79.41176470588235
Canning,Stephen,34,107.1470588235294
Jack,Wogan,34,150.58823529411765
Jack,Oakes,33,91.84848484848484
Blaine,Jack,32,150.0625
Herapath,Wogan,32,103.0625
Johnson,Diana,32,71.40625
Mrs_fielding,Jack,32,112
Pullings,Mowett,32,121.9375
Sophie,Mrs_williams,32,74.5
Stephen,Oakes,32,95.4375
Babbington,Pullings,31,129.03225806451613
Mrs_broad,Stephen,31,80.90322580645162
Wogan,Herapath,31,97.96774193548387
Jack,Mrs_fielding,30,109.53333333333333
Oakes,Stephen,30,97.5
Padeen,Jack,30,93.93333333333334
Pullings,Martin,30,102.76666666666667
Sam,Jack,30,82.73333333333333
Stephen,George,30,123.4
Jack,Sam,29,78.62068965517241
Martin,Padeen,29,67.62068965517241
Wray,Ledward,29,65.72413793103448
Jack,Blaine,28,107.28571428571429
George,Stephen,27,125.55555555555556
Killick,Pullings,27,138.74074074074073
Pullings,Killick,27,93.18518518518519
Mrs_williams,Sophie,26,77.57692307692308
Wogan,Jack,26,119.92307692307692
Sarah,Stephen,25,126.04
Stephen,Amos,25,153.6
General_aubrey,Jack,24,103.75
Jack,Christy,24,131.625
Jagiello,Diana,24,67.66666666666667
Ledward,Stephen,24,151.54166666666666
Ledward,Wray,24,68.375
Stephen,Brigid,24,88.25
Amos,Stephen,23,184.3913043478261
Clarissa,Oakes,23,107.78260869565217
Diana,Mrs_williams,23,123.95652173913044
Diana,Wogan,23,71.3913043478261
Jack,General_aubrey,23,125.21739130434783
Plaice,Jack,23,162.7391304347826
Stephen,Keith,23,180.34782608695653
Wogan,Diana,23,58.43478260869565
Canning,Diana,22,76.68181818181819
Oakes,Clarissa,22,85.54545454545455
Pontet,Stephen,22,76.45454545454545
Stephen,Harte,22,144.3181818181818
Charlotte,Jack,21,144.8095238095238
Christy,Jack,21,107.52380952380952
Clarissa,Diana,21,58.04761904761905
Diana,Johnson,21,89.66666666666667
Jack,Plaice,21,96.42857142857143
Martin,Mowett,21,111.23809523809524
Mowett,Martin,21,87.80952380952381
Plaice,Stephen,21,131.52380952380952
Stephen,Pontet,21,64.28571428571429
Diana,Herapath,20,83.25
Diana,Jagiello,20,64.3
Mrs_williams,Diana,20,143.35
Pullings,Bonden,20,122.55
Stephen,Emily,20,132.9
Stephen,Ledward,20,113.95
Stephen,Plaice,20,82.2
Bonden,Pullings,19,122.47368421052632
Brigid,Stephen,19,114.63157894736842
Jack,Charlotte,19,160.3684210526316
Martin,Killick,19,67.05263157894737
Davies,Jack,18,200.05555555555554
Jack,Davies,18,181.77777777777777
Killick,Sophie,18,100.33333333333333
Babbington,Bonden,17,95
Clarissa,Martin,17,97.3529411764706
Clarissa,Sophie,17,91
Killick,Martin,17,103.76470588235294
Miss_smith,Jack,17,124.82352941176471
Plaice,Bonden,17,63.11764705882353
Pullings,Reade,17,69.88235294117646
Stephen,Sam,17,93.70588235294117
Bonden,Plaice,16,60.9375
Oakes,Pullings,16,100.625
Stephen,Lesueur,16,95.0625
Stephen,Queenie,16,128.125
Bonden,Broke,15,146.93333333333334
Clarissa,Brigid,15,49.266666666666666
Harte,Stephen,15,54.333333333333336
Lesueur,Stephen,15,95
Mowett,Killick,15,72.33333333333333
Pullings,Babbington,15,130.86666666666667
Sam,Stephen,15,180.33333333333334
Stephen,Sarah,15,61.4
Bonden,Sophie,14,94.85714285714286
Broke,Pullings,14,185.42857142857142
Christy,Stephen,14,119.5
Jack,Molly,14,135.57142857142858
Queenie,Stephen,14,114.42857142857143
Reade,Pullings,14,74.85714285714286
Wogan,Johnson,14,106.14285714285714
Bonden,Martin,13,83.46153846153847
Brigid,Clarissa,13,56.53846153846154
Brigid,Diana,13,93.23076923076923
Clarissa,Pullings,13,106.46153846153847
Diana,Canning,13,82.23076923076923
George,Sophie,13,77.38461538461539
Keith,Stephen,13,104.15384615384616
Molly,Jack,13,128.53846153846155
Padeen,Clarissa,13,63
Ramis,Stephen,13,112
Sophie,Killick,13,53.30769230769231
Babbington,Diana,12,89.75
Brigid,Sophie,12,58.833333333333336
Diana,Clarissa,12,87.16666666666667
Emily,Stephen,12,135.66666666666666
Jack,Miss_smith,12,226.33333333333334
Johnson,Wogan,12,71
Lesueur,Wray,12,93.91666666666667
Martin,Bonden,12,142.91666666666666
Padeen,Bonden,12,83.58333333333333
Pullings,Oakes,12,75.66666666666667
Pullings,Sophie,12,175.75
Sarah,Emily,12,56.416666666666664
Sophie,Brigid,12,47.916666666666664
Sophie,Clarissa,12,58
Sophie,Dundas,12,87.66666666666667
Stephen,Christy,12,117.16666666666667
Wray,Lesueur,12,70.5
Brigid,George,11,61.72727272727273
Brigid,Padeen,11,77
Diana,Babbington,11,77.9090909090909
Diana,Broke,11,83.81818181818181
George,Brigid,11,65.72727272727273
Herapath,Diana,11,107.63636363636364
Killick,Plaice,11,129.36363636363637
Padeen,Killick,11,56.72727272727273
Reade,Clarissa,11,45.09090909090909
Sophie,Pullings,11,86.36363636363636
Stephen,Charlotte,11,166.63636363636363
Bonden,Mowett,10,112.6
Bonden,Reade,10,79.2
Clarissa,Padeen,10,74.1
Clarissa,Reade,10,98.3
Diana,Dundas,10,50
Fanny,Babbington,10,41.3
Martin,Clarissa,10,115.8
Mowett,Bonden,10,100.3
Padeen,Brigid,10,59.5
Plaice,Killick,10,39
Reade,Martin,10,124.6
Reade,Padeen,10,91.2
Sarah,Jack,10,232.2
Stephen,General_aubrey,10,157.2
Bonden,Babbington,9,105.77777777777777
Broke,Diana,9,150.55555555555554
Dubreuil,Stephen,9,73
Habachtsthal,Stephen,9,162.88888888888889
Killick,Broke,9,95.77777777777777
Linois,Stephen,9,89.55555555555556
Martin,Diana,9,118
Martin,Reade,9,47.666666666666664
Pullings,Clarissa,9,64.55555555555556
Reade,Bonden,9,76.11111111111111
Reade,Killick,9,119.22222222222223
Sophie,Bonden,9,104.88888888888889
Stephen,Dubreuil,9,31.11111111111111
Stephen,Miss_smith,9,111.11111111111111
Stephen,Ramis,9,132.33333333333334
Babbington,Mowett,8,71.125
Brigid,Jack,8,120.625
Broke,Killick,8,115
Charlotte,Stephen,8,194.375
Dundas,Diana,8,83.625
Dundas,Sophie,8,94.875
General_aubrey,Stephen,8,131.125
Jack,Brigid,8,99.625
Jack,Mrs_broad,8,73.5
Mowett,Babbington,8,52.625
Queenie,Keith,8,106.875
Stephen,Davies,8,98.875
Stephen,Linois,8,151.875
Babbington,Broke,7,288.85714285714283
Babbington,Harte,7,84.71428571428571
Broke,Bonden,7,144.28571428571428
Broke,Martin,7,104.14285714285714
Broke,Sophie,7,71.57142857142857
Davies,Bonden,7,53.857142857142854
Diana,Blaine,7,109.28571428571429
Diana,Brigid,7,65.28571428571429
Diana,George,7,53.142857142857146
Dubreuil,Johnson,7,43.142857142857146
Graham,Killick,7,98.57142857142857
Jack,Emily,7,41.142857142857146
Jack,Ledward,7,74.57142857142857
Killick,Diana,7,236.28571428571428
Killick,Mowett,7,75.57142857142857
Killick,Oakes,7,48.285714285714285
Killick,Padeen,7,74.57142857142857
Ledward,Jack,7,97
Martin,Plaice,7,71
Mrs_broad,Jack,7,71.28571428571429
Oakes,Reade,7,87.85714285714286
Plaice,Martin,7,123.14285714285714
Pullings,Broke,7,109.85714285714286
Pullings,Diana,7,66.71428571428571
Sophie,George,7,68.57142857142857
Sophie,Martin,7,86.42857142857143
Stephen,Molly,7,127.57142857142857
Wray,Blaine,7,70.28571428571429
Wray,Harte,7,48.857142857142854
Charlotte,Fanny,6,46.333333333333336
Charlotte,George,6,36.166666666666664
Fanny,Charlotte,6,29.333333333333332
Fanny,Jack,6,64.83333333333333
Fielding,Killick,6,65.83333333333333
Harte,Babbington,6,106.5
Herapath,Bonden,6,79.16666666666667
Herapath,Johnson,6,67.83333333333333
Jack,Amos,6,246.83333333333334
Jack,Doudle,6,129.66666666666666
Jack,Fanny,6,81.66666666666667
Killick,Dundas,6,45.666666666666664
Killick,Reade,6,109.66666666666667
Martin,Broke,6,89.5
Miss_smith,Stephen,6,74.66666666666667
Molly,Stephen,6,72.16666666666667
Mrs_broad,Diana,6,77.33333333333333
Pontet,Dubreuil,6,52.5
Sarah,Reade,6,64.33333333333333
Sophie,Broke,6,82.83333333333333
Wray,Mrs_fielding,6,138.16666666666666
Babbington,Fanny,5,125.4
Babbington,Killick,5,60
Blaine,Ledward,5,69
Bonden,Diana,5,73.8
Bonden,George,5,43.2
Bonden,Herapath,5,59.8
Bonden,Mrs_fielding,5,57.8
Bonden,Padeen,5,135.6
Canning,Sophie,5,79.8
Christine_wood,Stephen,5,49
Clarissa,Killick,5,83
Davies,Stephen,5,170.6
George,Bonden,5,45
George,Clarissa,5,66
George,Mrs_williams,5,82.4
Graham,Pullings,5,93.2
Jack,Lesueur,5,115.6
Jack,Pontet,5,115.2
Keith,Queenie,5,94.2
Killick,Fielding,5,138
Killick,Graham,5,96
Ledward,Blaine,5,146.4
Martin,Babbington,5,124
Padeen,Emily,5,34.4
Plaice,Pullings,5,164.8
Pullings,Canning,5,49.8
Pullings,Graham,5,149.6
Reade,Fielding,5,96.4
Reade,Oakes,5,47.8
Sophie,Canning,5,219
Sophie,Fanny,5,109
Sophie,Linois,5,134.4
Sophie,Padeen,5,25.6
Stephen,Habachtsthal,5,255.6
Wray,Fanny,5,27.2
Babbington,Sophie,4,99.75
Blaine,Diana,4,79.25
Blaine,Mrs_broad,4,66.5
Broke,George,4,201.25
Broke,Padeen,4,72.25
Davies,Killick,4,132
Davies,Plaice,4,88.5
Diana,Bonden,4,115.25
Diana,Martin,4,428.25
Diana,Padeen,4,138
Doudle,Jack,4,192.5
Doudle,Stephen,4,97.5
Dundas,Killick,4,81.5
Fanny,Harte,4,43.5
Fanny,Stephen,4,39.5
Fielding,Bonden,4,84
Fielding,Mrs_fielding,4,101.5
Fielding,Reade,4,160.25
George,Charlotte,4,74.5
Graham,Fielding,4,137
Harte,Wray,4,80.25
Herapath,Killick,4,30
Jack,Ramis,4,102.25
Johnson,Pontet,4,71.5
Killick,Babbington,4,121.25
Linois,Pullings,4,161.5
Martin,Emily,4,103
Martin,Herapath,4,69.25
Martin,Sarah,4,73
Mowett,Sophie,4,141.25
Mrs_broad,Killick,4,83.75
Oakes,Killick,4,55.5
Padeen,Reade,4,78.25
Pontet,Diana,4,89.25
Pullings,Wray,4,44.25
Queenie,Mrs_williams,4,82.5
Reade,Dundas,4,66
Sam,Sophie,4,68.5
Sarah,Clarissa,4,22.5
Sophie,Charlotte,4,94.75
Sophie,Mowett,4,448.5
Stephen,Christine_wood,4,46.25
Wray,Diana,4,67.5
Wray,Pullings,4,61.75
Amos,Jack,3,129.66666666666666
Babbington,Herapath,3,69.66666666666667
Babbington,Wogan,3,51.666666666666664
Babbington,Wray,3,101.33333333333333
Blaine,Habachtsthal,3,95.66666666666667
Blaine,Martin,3,135.33333333333334
Blaine,Wray,3,104
Bonden,Davies,3,71.33333333333333
Bonden,Emily,3,34.333333333333336
Bonden,Fielding,3,167.33333333333334
Bonden,Linois,3,332
Bonden,Oakes,3,38.333333333333336
Brigid,Oakes,3,113.66666666666667
Brigid,Reade,3,84
Broke,Babbington,3,133.33333333333334
Broke,Harte,3,129.33333333333334
Broke,Herapath,3,307
Broke,Mowett,3,136.66666666666666
Canning,Pullings,3,67.66666666666667
Canning,Queenie,3,40.666666666666664
Clarissa,Emily,3,19.666666666666668
Davies,Pullings,3,99.33333333333333
Diana,Killick,3,86
Diana,Miss_smith,3,122.66666666666667
Dubreuil,Pontet,3,70
Dundas,Broke,3,154.66666666666666
George,Broke,3,71
George,Fanny,3,21.666666666666668
George,Killick,3,81.33333333333333
George,Pullings,3,208.33333333333334
Graham,Harte,3,256.3333333333333
Graham,Wray,3,192
Harte,Dundas,3,84.33333333333333
Harte,Fanny,3,24.333333333333332
Herapath,Babbington,3,130.33333333333334
Herapath,George,3,13.333333333333334
Herapath,Martin,3,218.66666666666666
Jack,Sarah,3,171
Jagiello,Blaine,3,55.666666666666664
Johnson,Broke,3,132.66666666666666
Johnson,Dubreuil,3,72
Johnson,Herapath,3,74.66666666666667
Killick,Mrs_broad,3,49.333333333333336
Lesueur,Graham,3,48
Lesueur,Jack,3,132
Lesueur,Mrs_fielding,3,91.66666666666667
Linois,Babbington,3,246
Linois,Bonden,3,333.6666666666667
Linois,Broke,3,82
Linois,George,3,169
Martin,Blaine,3,432.6666666666667
Martin,Johnson,3,129.33333333333334
Miss_smith,Broke,3,206.66666666666666
Molly,Harte,3,130.33333333333334
Mrs_broad,Emily,3,7
Mrs_broad,Padeen,3,93.66666666666667
Mrs_fielding,Bonden,3,100
Mrs_fielding,Broke,3,284.3333333333333
Mrs_williams,Bonden,3,88.66666666666667
Mrs_williams,George,3,38
Mrs_williams,Killick,3,76.33333333333333
Mrs_williams,Queenie,3,30
Oakes,Bonden,3,92.66666666666667
Oakes,Fielding,3,12.666666666666666
Oakes,Martin,3,83
Padeen,Broke,3,95.66666666666667
Padeen,Diana,3,127.66666666666667
Plaice,Babbington,3,63
Plaice,Davies,3,73.33333333333333
Pontet,Johnson,3,87.33333333333333
Pullings,Davies,3,101
Pullings,Harte,3,159
Pullings,Padeen,3,128.66666666666666
Pullings,Plaice,3,156.66666666666666
Reade,Plaice,3,50.666666666666664
Sam,Pullings,3,174.66666666666666
Sarah,Martin,3,82.33333333333333
Sarah,Mrs_broad,3,109.66666666666667
Sarah,Pullings,3,37
Sophie,Babbington,3,172
Sophie,Harte,3,48.333333333333336
Stephen,Doudle,3,139.33333333333334
Wogan,Babbington,3,145.66666666666666
Wray,Babbington,3,47
Wray,Graham,3,125.33333333333333
Amos,Brigid,2,182
Babbington,Linois,2,82
Blaine,Emily,2,103
Bonden,Dundas,2,44.5
Bonden,Johnson,2,49.5
Bonden,Wogan,2,157.5
Broke,Dundas,2,248.5
Broke,Graham,2,139.5
Broke,Plaice,2,243
Broke,Queenie,2,39
Broke,Reade,2,184.5
Broke,Wray,2,67.5
Canning,Linois,2,348.5
Charlotte,Sophie,2,187.5
Christy,Linois,2,259.5
Christy,Sophie,2,58.5
Clarissa,Blaine,2,53.5
Clarissa,Bonden,2,74
Clarissa,Habachtsthal,2,134
Clarissa,Mrs_williams,2,78.5
Clarissa,Wray,2,64
Davies,Babbington,2,204
Davies,Padeen,2,78.5
Diana,Mrs_broad,2,83.5
Diana,Pullings,2,59
Diana,Wray,2,88.5
Dundas,Blaine,2,105
Dundas,Bonden,2,43
Dundas,Harte,2,35.5
Dundas,Keith,2,283.5
Dundas,Pullings,2,332.5
Emily,Bonden,2,199.5
Emily,Davies,2,16.5
Fanny,George,2,20.5
Fanny,Sophie,2,54
Fanny,Wray,2,44.5
Fielding,Broke,2,263.5
Fielding,Oakes,2,34
General_aubrey,Sophie,2,27.5
General_aubrey,Wray,2,63.5
George,Herapath,2,86.5
George,Padeen,2,94
Graham,Bonden,2,176
Graham,Diana,2,76.5
Graham,Lesueur,2,37.5
Graham,Martin,2,122.5
Graham,Mowett,2,125.5
Graham,Mrs_fielding,2,96.5
Habachtsthal,Jack,2,111.5
Harte,Broke,2,156.5
Harte,Mowett,2,67.5
Herapath,Broke,2,153.5
Herapath,Dubreuil,2,41.5
Jack,Christine_wood,2,93
Jagiello,Sophie,2,37.5
Johnson,Martin,2,127
Johnson,Plaice,2,64
Johnson,Queenie,2,153.5
Keith,Blaine,2,249
Keith,Pullings,2,206
Keith,Sophie,2,116
Killick,Brigid,2,103
Killick,Clarissa,2,48.5
Killick,Davies,2,90
Killick,Fanny,2,103.5
Killick,George,2,52.5
Killick,Herapath,2,64
Killick,Sam,2,143.5
Ledward,Clarissa,2,125.5
Martin,Charlotte,2,136
Martin,Davies,2,114
Martin,George,2,111.5
Martin,Oakes,2,110.5
Martin,Sophie,2,141
Martin,Wray,2,77.5
Molly,Mrs_williams,2,316.5
Mowett,Broke,2,200.5
Mowett,Davies,2,149.5
Mowett,Mrs_fielding,2,43
Mowett,Padeen,2,63
Mrs_broad,Blaine,2,62
Mrs_broad,Broke,2,189.5
Mrs_broad,Clarissa,2,80
Mrs_fielding,Fielding,2,161
Mrs_fielding,Graham,2,218
Mrs_fielding,Killick,2,68
Mrs_fielding,Lesueur,2,94
Mrs_fielding,Wray,2,61.5
Oakes,Sophie,2,164
Padeen,Blaine,2,44.5
Padeen,George,2,42.5
Padeen,Mrs_broad,2,25
Padeen,Oakes,2,59
Padeen,Plaice,2,46.5
Plaice,Broke,2,351.5
Plaice,Reade,2,15
Pontet,Jack,2,174
Pullings,Blaine,2,45.5
Pullings,Dundas,2,100
Pullings,Emily,2,70
Pullings,George,2,172.5
Pullings,Herapath,2,46.5
Queenie,Broke,2,95
Queenie,Diana,2,101
Queenie,Dundas,2,50
Sophie,Emily,2,71
Sophie,Miss_smith,2,111.5
Sophie,Plaice,2,35
Sophie,Queenie,2,85
Sophie,Sam,2,77.5
Sophie,Wray,2,102.5
Stephen,Fanny,2,40
Wogan,Clarissa,2,164
Wogan,Martin,2,152.5
Wray,Martin,2,97.5
Amos,Blaine,1,208
Amos,Charlotte,1,56
Amos,George,1,25
Amos,Martin,1,195
Amos,Plaice,1,6
Amos,Sophie,1,54
Babbington,Davies,1,59
Babbington,Doudle,1,194
Babbington,Fielding,1,68
Babbington,George,1,213
Babbington,Keith,1,28
Babbington,Martin,1,6
Babbington,Plaice,1,113
Blaine,Babbington,1,71
Blaine,Broke,1,74
Blaine,Clarissa,1,114
Blaine,Dundas,1,74
Blaine,General_aubrey,1,34
Blaine,Jagiello,1,57
Blaine,Padeen,1,173
Blaine,Pontet,1,68
Blaine,Pullings,1,19
Blaine,Sophie,1,54
Blaine,Wogan,1,57
Bonden,Charlotte,1,208
Bonden,Clarissa,1,38
Bonden,Fanny,1,22
Bonden,Harte,1,198
Bonden,Jagiello,1,34
Bonden,Keith,1,220
Bonden,Mrs_williams,1,119
Bonden,Sam,1,46
Brigid,Fanny,1,59
Brigid,Killick,1,39
Brigid,Mrs_williams,1,22
Brigid,Sam,1,103
Broke,Blaine,1,75
Broke,Brigid,1,84
Broke,Canning,1,60
Broke,Charlotte,1,192
Broke,Fielding,1,101
Broke,Johnson,1,271
Broke,Linois,1,174
Broke,Pontet,1,50
Broke,Sarah,1,14
Canning,Babbington,1,221
Canning,Bonden,1,60
Canning,Broke,1,160
Canning,Dundas,1,18
Canning,Killick,1,70
Canning,Mrs_broad,1,59
Canning,Mrs_williams,1,48
Charlotte,Amos,1,113
Charlotte,Bonden,1,16
Charlotte,Brigid,1,196
Charlotte,Broke,1,423
Charlotte,Clarissa,1,205
Charlotte,Killick,1,84
Charlotte,Mrs_fielding,1,106
Charlotte,Mrs_williams,1,55
Christine_wood,Jack,1,23
Christy,Broke,1,38
Christy,Lesueur,1,117
Clarissa,Dundas,1,36
Clarissa,Ledward,1,71
Clarissa,Molly,1,106
Clarissa,Plaice,1,54
Clarissa,Wogan,1,127
Davies,Reade,1,77
Davies,Sophie,1,192
Diana,Charlotte,1,43
Diana,Dubreuil,1,165
Diana,Emily,1,37
Diana,Graham,1,77
Diana,Molly,1,24
Diana,Mowett,1,194
Diana,Mrs_fielding,1,56
Diana,Oakes,1,61
Diana,Pontet,1,225
Diana,Queenie,1,98
Diana,Sam,1,32
Doudle,Babbington,1,106
Doudle,Bonden,1,126
Doudle,Herapath,1,138
Dubreuil,Broke,1,95
Dubreuil,Diana,1,17
Dubreuil,Herapath,1,34
Dundas,Canning,1,109
Dundas,General_aubrey,1,26
Dundas,George,1,28
Dundas,Graham,1,159
Dundas,Linois,1,11
Dundas,Mowett,1,4
Dundas,Oakes,1,51
Dundas,Padeen,1,67
Dundas,Reade,1,229
Dundas,Wray,1,200
Emily,Brigid,1,86
Emily,Clarissa,1,280
Emily,Martin,1,108
Emily,Mrs_broad,1,121
Emily,Padeen,1,7
Emily,Sophie,1,127
Fanny,Diana,1,102
Fanny,Martin,1,364
Fanny,Mowett,1,20
Fanny,Mrs_williams,1,40
Fanny,Oakes,1,146
Fielding,Johnson,1,443
Fielding,Pullings,1,34
General_aubrey,Diana,1,156
General_aubrey,Mrs_williams,1,24
George,Amos,1,54
George,Babbington,1,66
George,Dundas,1,43
George,Harte,1,199
George,Linois,1,785
George,Martin,1,371
George,Mowett,1,69
George,Plaice,1,287
George,Reade,1,683
Graham,Babbington,1,90
Graham,Broke,1,26
Graham,Dundas,1,225
Graham,Fanny,1,56
Graham,Jagiello,1,232
Graham,Sophie,1,223
Habachtsthal,Blaine,1,43
Harte,Diana,1,28
Harte,Graham,1,18
Harte,Keith,1,113
Harte,Lesueur,1,326
Harte,Martin,1,74
Harte,Molly,1,130
Harte,Queenie,1,96
Harte,Sophie,1,240
Herapath,Pontet,1,32
Jack,Dubreuil,1,121
Jagiello,Graham,1,280
Jagiello,Martin,1,16
Johnson,Blaine,1,399
Johnson,Bonden,1,34
Johnson,George,1,58
Johnson,Ledward,1,271
Johnson,Padeen,1,31
Johnson,Pullings,1,306
Johnson,Sam,1,325
Johnson,Sophie,1,48
Keith,Broke,1,21
Keith,Harte,1,11
Keith,Killick,1,66
Keith,Molly,1,322
Keith,Mrs_williams,1,88
Keith,Reade,1,11
Keith,Sam,1,252
Killick,Amos,1,35
Killick,Blaine,1,71
Killick,Charlotte,1,189
Killick,Christy,1,172
Killick,Harte,1,99
Killick,Linois,1,197
Killick,Molly,1,48
Killick,Mrs_fielding,1,92
Killick,Mrs_williams,1,139
Killick,Ramis,1,38
Killick,Wogan,1,56
Killick,Wray,1,100
Ledward,Habachtsthal,1,50
Ledward,Lesueur,1,148
Lesueur,Broke,1,98
Lesueur,Christy,1,187
Lesueur,Fielding,1,30
Lesueur,Ledward,1,315
Lesueur,Martin,1,53
Linois,Canning,1,17
Linois,Christy,1,46
Linois,Killick,1,277
Linois,Mowett,1,33
Martin,Dundas,1,37
Martin,Fielding,1,223
Martin,General_aubrey,1,83
Martin,Graham,1,75
Martin,Harte,1,86
Martin,Jagiello,1,44
Molly,Bonden,1,96
Molly,Diana,1,244
Molly,Mowett,1,210
Mowett,Diana,1,236
Mowett,Fanny,1,5
Mowett,George,1,184
Mowett,Harte,1,178
Mowett,Johnson,1,54
Mowett,Plaice,1,17
Mrs_broad,Brigid,1,19
Mrs_broad,Jagiello,1,29
Mrs_broad,Oakes,1,170
Mrs_broad,Pullings,1,77
Mrs_broad,Sophie,1,9
Mrs_fielding,Doudle,1,304
Mrs_fielding,Dundas,1,63
Mrs_fielding,Martin,1,25
Mrs_fielding,Pullings,1,13
Mrs_fielding,Sophie,1,149
Mrs_williams,Brigid,1,103
Mrs_williams,Canning,1,150
Mrs_williams,Clarissa,1,39
Mrs_williams,Emily,1,18
Mrs_williams,General_aubrey,1,70
Mrs_williams,Jagiello,1,11
Mrs_williams,Molly,1,270
Mrs_williams,Padeen,1,51
Mrs_williams,Pullings,1,7
Mrs_williams,Sam,1,194
Oakes,Brigid,1,98
Oakes,Padeen,1,74
Oakes,Sam,1,32
Padeen,Davies,1,7
Padeen,Habachtsthal,1,221
Padeen,Pullings,1,152
Padeen,Sarah,1,100
Plaice,Emily,1,11
Plaice,George,1,77
Plaice,Johnson,1,40
Plaice,Lesueur,1,352
Plaice,Mowett,1,281
Plaice,Sophie,1,583
Pontet,Herapath,1,41
Pullings,Christy,1,207
Pullings,Johnson,1,75
Pullings,Keith,1,22
Pullings,Linois,1,34
Pullings,Mrs_broad,1,81
Pullings,Sam,1,453
Pullings,Sarah,1,58
Pullings,Wogan,1,29
Queenie,Babbington,1,334
Queenie,Bonden,1,237
Queenie,Canning,1,59
Queenie,Clarissa,1,24
Ramis,Jack,1,124
Reade,Davies,1,294
Reade,Diana,1,34
Reade,Emily,1,40
Reade,Keith,1,131
Reade,Sam,1,64
Reade,Sophie,1,144
Sam,Bonden,1,119
Sam,Diana,1,23
Sam,Emily,1,54
Sam,Johnson,1,727
Sam,Killick,1,168
Sam,Martin,1,104
Sam,Plaice,1,75
Sarah,Bonden,1,51
Sarah,Killick,1,38
Sarah,Mrs_williams,1,47
Sarah,Oakes,1,130
Sarah,Padeen,1,180
Sophie,Blaine,1,212
Sophie,Christy,1,134
Sophie,Davies,1,10
Sophie,General_aubrey,1,45
Sophie,Graham,1,294
Wogan,Killick,1,52
Wogan,Pullings,1,128
Wray,Bonden,1,27
Wray,Clarissa,1,28
Wray,Dundas,1,6
Wray,Fielding,1,175
Wray,Linois,1,56
Wray,Pontet,1,36
